rank,Youtuber,subscribers,video views,category,Title,uploads,Country,Abbreviation,channel_type,video_views_rank,country_rank,channel_type_rank,video_views_for_the_last_30_days,lowest_monthly_earnings,highest_monthly_earnings,lowest_yearly_earnings,highest_yearly_earnings,subscribers_for_last_30_days,created_year,created_month,created_date,Gross tertiary education enrollment (%),Population,Unemployment rate,Urban_population,Latitude,Longitude,avg_views_per_subscriber,avg_views_per_video,engagement_rate
17,5-Minute Crafts,80100000,26236790209.0,Howto & Style,5-Minute Crafts 2.0,1,United Kingdom,GB,Entertainment,4057901.0,4797.0,6781.0,1.0,0.0,0.0,0.0,0.05,,2020.0,Jul,27.0,60.0,66834405.0,3.85,55908316.0,55.378051,-3.435973,327.5504395630462,26236790209.0,327.5504395630462
40,Ed Sheeran,53500000,30367676736.0,Music,Ed Sheeran,383,United Kingdom,GB,Music,39.0,1.0,18.0,202720000.0,50700.0,810900.0,608200.0,9700000.0,100000.0,2006.0,Aug,8.0,60.0,66834405.0,3.85,55908316.0,55.378051,-3.435973,567.6201259065421,79288973.20104438,1.4820368822625118
128,NoCopyrightSounds,33400000,10530729078.0,Music,NoCopyrightSounds,1331,United Kingdom,GB,Music,402.0,3.0,44.0,55654000.0,13900.0,222600.0,167000.0,2700000.0,,2011.0,Aug,14.0,60.0,66834405.0,3.85,55908316.0,55.378051,-3.435973,315.29128976047906,7911892.6205860255,0.23688301259239597
138,Mr Bean,32100000,10602236110.0,Shows,Mr Bean,3091,United Kingdom,GB,Comedy,400.0,4.0,5.0,56534000.0,14100.0,226100.0,169600.0,2700000.0,100000.0,2006.0,Jan,4.0,60.0,66834405.0,3.85,55908316.0,55.378051,-3.435973,330.2877292834891,3430034.3286962146,0.10685465198430576
151,Peppa Pig - Official Channel,31400000,22919271731.0,Film & Animation,Peppa Pig - Official Channel,3589,United Kingdom,GB,Education,91.0,5.0,11.0,244925000.0,61200.0,979700.0,734800.0,11800000.0,300000.0,2013.0,Oct,9.0,60.0,66834405.0,3.85,55908316.0,55.378051,-3.435973,729.9131124522293,6385977.077458902,0.20337506616111153
164,Adele,30200000,14199108016.0,Music,Adele,15,United Kingdom,GB,Music,248.0,6.0,53.0,137099000.0,34300.0,548400.0,411300.0,6600000.0,100000.0,2008.0,Apr,4.0,60.0,66834405.0,3.85,55908316.0,55.378051,-3.435973,470.169139602649,946607201.0666667,31.344609306843267
198,DanTDM,27400000,19417887510.0,Gaming,DanTDM,3664,United Kingdom,GB,Games,132.0,7.0,16.0,78668000.0,19700.0,314700.0,236000.0,3800000.0,500000.0,2012.0,Jul,14.0,60.0,66834405.0,3.85,55908316.0,55.378051,-3.435973,708.6820259124088,5299641.787663755,0.19341758349137791
233,Coldplay,25300000,17331663193.0,Music,Coldplay,398,United Kingdom,GB,Music,160.0,8.0,70.0,198875000.0,49700.0,795500.0,596600.0,9500000.0,100000.0,2010.0,Jan,3.0,60.0,66834405.0,3.85,55908316.0,55.378051,-3.435973,685.0459760079051,43546892.44472362,1.7212210452459928
243,Dan Rhodes,24800000,17387583720.0,Entertainment,Dan Rhodes,1644,United Kingdom,GB,Entertainment,157.0,9.0,66.0,331889000.0,83000.0,1300000.0,995700.0,15900000.0,500000.0,2015.0,Oct,30.0,60.0,66834405.0,3.85,55908316.0,55.378051,-3.435973,701.1122467741935,10576389.12408759,0.42646730339062866
263,KSI,24100000,6002166932.0,Entertainment,KSI,1252,United Kingdom,GB,Music,1053.0,10.0,76.0,5439000.0,1400.0,21800.0,16300.0,261100.0,,2009.0,Jul,25.0,60.0,66834405.0,3.85,55908316.0,55.378051,-3.435973,249.05256979253113,4794063.044728435,0.1989237777895616
275,Mister Max,23700000,15510153803.0,People & Blogs,Mister Max,1099,United Kingdom,GB,Entertainment,208.0,11.0,74.0,32817000.0,8200.0,131300.0,98400.0,1600000.0,,2014.0,Sep,22.0,60.0,66834405.0,3.85,55908316.0,55.378051,-3.435973,654.4368693248945,14112969.79344859,0.5954839575294764
281,Peppa Pig Espaï¿½ï¿½ï¿½ï¿½ï¿½ï¿½ï¿½ï¿½ï¿½,23600000,7920637200.0,Film & Animation,Peppa Pig Espaï¿½ï¿½ï¿½ï¿½ï¿½ï¿½ï¿½ï¿½ï¿½,1251,United Kingdom,GB,Film,668.0,12.0,19.0,53589000.0,13400.0,214400.0,160800.0,2600000.0,100000.0,2014.0,Jul,28.0,60.0,66834405.0,3.85,55908316.0,55.378051,-3.435973,335.6202203389831,6331444.604316547,0.26828155103036216
282,Jelly,23500000,14777034543.0,Gaming,Jelly,6066,United Kingdom,GB,Games,229.0,13.0,20.0,41669000.0,10400.0,166700.0,125000.0,2000000.0,,2014.0,May,27.0,60.0,66834405.0,3.85,55908316.0,55.378051,-3.435973,628.8099805531915,2436042.6216617213,0.10366138815581792
283,Miss Katy,23500000,14696994366.0,People & Blogs,Miss Katy,1044,United Kingdom,GB,Entertainment,235.0,13.0,76.0,59629000.0,14900.0,238500.0,178900.0,2900000.0,,2014.0,Nov,17.0,60.0,66834405.0,3.85,55908316.0,55.378051,-3.435973,625.4040155744681,14077580.810344828,0.5990459919295672
328,Dua Lipa,21800000,11288359365.0,Music,Dua Lipa,164,United Kingdom,GB,Music,368.0,14.0,87.0,128047000.0,32000.0,512200.0,384100.0,6100000.0,100000.0,2011.0,Feb,5.0,60.0,66834405.0,3.85,55908316.0,55.378051,-3.435973,517.8146497706422,68831459.54268293,3.1574064010405016
329,OneDirectionVEVO,21800000,12140232004.0,Music,OneDirectionVEVO,266,United Kingdom,GB,Music,322.0,14.0,87.0,51134000.0,12800.0,204500.0,153400.0,2500000.0,,2010.0,Dec,4.0,60.0,66834405.0,3.85,55908316.0,55.378051,-3.435973,556.8913763302752,45639969.93984962,2.0935766027453955
382,Got Talent Global,20300000,2441288701.0,Entertainment,Got Talent Global,1245,United Kingdom,GB,Entertainment,3750.0,15.0,101.0,86457000.0,21600.0,345800.0,259400.0,4100000.0,100000.0,2013.0,Jan,31.0,60.0,66834405.0,3.85,55908316.0,55.378051,-3.435973,120.26052714285714,1960874.458634538,0.09659480091795754
403,Gordon Ramsay,20000000,3875172235.0,Entertainment,Gordon Ramsay,1527,United Kingdom,GB,Entertainment,2001.0,16.0,104.0,39228000.0,9800.0,156900.0,117700.0,1900000.0,200000.0,2006.0,Apr,29.0,60.0,66834405.0,3.85,55908316.0,55.378051,-3.435973,193.75861175,2537768.326784545,0.12688841633922726
413,Britain's Got Talent,19700000,11323617496.0,Entertainment,Britain's Got Talent,4225,United Kingdom,GB,Entertainment,364.0,17.0,106.0,54192000.0,13500.0,216800.0,162600.0,2600000.0,100000.0,2008.0,Apr,12.0,60.0,66834405.0,3.85,55908316.0,55.378051,-3.435973,574.8029185786802,2680146.1528994082,0.1360480280659598
414,SCTV,19700000,9808676159.0,Entertainment,SCTV,267,United Kingdom,GB,Music,2831648.0,3695.0,4668.0,336.0,0.08,1.0,1.0,16.0,,2006.0,Mar,25.0,60.0,66834405.0,3.85,55908316.0,55.378051,-3.435973,497.9023430964467,36736614.82771535,1.864802783132759
438,Calvin Harris,19000000,16014044618.0,Music,Calvin Harris,79,United Kingdom,GB,Music,191.0,18.0,99.0,102410000.0,25600.0,409600.0,307200.0,4900000.0,100000.0,2007.0,Feb,11.0,60.0,66834405.0,3.85,55908316.0,55.378051,-3.435973,842.8444535789474,202709425.5443038,10.668917133910726
444,Sidemen,18800000,5257834105.0,Entertainment,Sidemen,312,United Kingdom,GB,Entertainment,1263.0,19.0,113.0,78158000.0,19500.0,312600.0,234500.0,3800000.0,100000.0,2015.0,Jun,14.0,60.0,66834405.0,3.85,55908316.0,55.378051,-3.435973,279.67202686170214,16852032.387820512,0.8963847014798144
533,Queen Official,17000000,10847948832.0,Music,Queen Official,1015,United Kingdom,GB,Music,385.0,21.0,112.0,93768000.0,23400.0,375100.0,281300.0,4500000.0,100000.0,2008.0,Jul,7.0,60.0,66834405.0,3.85,55908316.0,55.378051,-3.435973,638.1146371764706,10687634.31724138,0.6286843716024341
576,Little Mix,16300000,7520242626.0,Music,Little Mix,278,United Kingdom,GB,Music,740.0,22.0,117.0,38604000.0,9700.0,154400.0,115800.0,1900000.0,,2011.0,Nov,30.0,60.0,66834405.0,3.85,55908316.0,55.378051,-3.435973,461.3645782822086,27051232.4676259,1.6595848139647793
577,SAM SMITH,16300000,10170264839.0,Music,SAM SMITH,230,United Kingdom,GB,Entertainment,428.0,22.0,135.0,85778000.0,21400.0,343100.0,257300.0,4100000.0,,2012.0,Sep,14.0,60.0,66834405.0,3.85,55908316.0,55.378051,-3.435973,623.9426281595092,44218542.77826087,2.712794035476127
581,W2S,16300000,4768370464.0,Gaming,W2S,652,United Kingdom,GB,Entertainment,1455.0,22.0,135.0,3079000.0,770.0,12300.0,9200.0,147800.0,,2012.0,Jul,26.0,60.0,66834405.0,3.85,55908316.0,55.378051,-3.435973,292.5380652760736,7313451.631901841,0.4486780142271068
585,JJ Olatunji,16200000,4076692623.0,Gaming,JJ Olatunji,1294,United Kingdom,GB,Entertainment,1856.0,23.0,136.0,27808000.0,7000.0,111200.0,83400.0,1300000.0,100000.0,2011.0,Jan,26.0,60.0,66834405.0,3.85,55908316.0,55.378051,-3.435973,251.6476927777778,3150457.9775888715,0.19447271466597973
643,Mrwhosetheboss,15400000,3736069980.0,Science & Technology,Mrwhosetheboss,1577,United Kingdom,GB,Tech,2083.0,24.0,12.0,167697000.0,41900.0,670800.0,503100.0,8000000.0,400000.0,2011.0,Apr,20.0,60.0,66834405.0,3.85,55908316.0,55.378051,-3.435973,242.60194675324675,2369099.5434369054,0.15383763269070813
676,AdeleVEVO,15100000,12413869881.0,Music,AdeleVEVO,52,United Kingdom,GB,Music,309.0,25.0,127.0,84750000.0,21200.0,339000.0,254300.0,4100000.0,100000.0,2009.0,Oct,15.0,60.0,66834405.0,3.85,55908316.0,55.378051,-3.435973,822.1105881456954,238728266.94230768,15.809819002801833
677,MoreAliA,15000000,4352427049.0,Gaming,MoreAliA,2324,United Kingdom,GB,Games,1663.0,25.0,47.0,250995000.0,62700.0,1000000.0,753000.0,12000000.0,600000.0,2013.0,May,6.0,60.0,66834405.0,3.85,55908316.0,55.378051,-3.435973,290.16180326666665,1872817.1467297762,0.12485447644865175
742,BBC News,14500000,4598387043.0,News & Politics,BBC News,18972,United Kingdom,GB,News,1548.0,26.0,19.0,66273000.0,16600.0,265100.0,198800.0,3200000.0,100000.0,2006.0,Apr,8.0,60.0,66834405.0,3.85,55908316.0,55.378051,-3.435973,317.1301408965517,242377.55866540165,0.016715693701062184
775,TommyInnit,14200000,2084791147.0,Gaming,TommyInnit,342,United Kingdom,GB,Games,4696.0,27.0,55.0,54291000.0,13600.0,217200.0,162900.0,2600000.0,200000.0,2015.0,Dec,24.0,60.0,66834405.0,3.85,55908316.0,55.378051,-3.435973,146.81627795774648,6095880.546783626,0.4292873624495511
791,F2Freestylers - Ultimate Soccer Skills Channel,14100000,3280481927.0,Sports,F2Freestylers - Ultimate Soccer Skills Channï¿½,777,United Kingdom,GB,Sports,2530.0,28.0,10.0,10222000.0,2600.0,40900.0,30700.0,490600.0,,2011.0,Apr,9.0,60.0,66834405.0,3.85,55908316.0,55.378051,-3.435973,232.65829269503547,4221984.462033462,0.29943152213003277
837,BBC,13600000,9685060624.0,Pets & Animals,BBC,16047,United Kingdom,GB,Entertainment,474.0,29.0,160.0,44414000.0,11100.0,177700.0,133200.0,2100000.0,100000.0,2005.0,Nov,12.0,60.0,66834405.0,3.85,55908316.0,55.378051,-3.435973,712.1368105882353,603543.3803203091,0.04437818972943449
842,JULIA GISELLA,13500000,5380132790.0,Entertainment,Julia Gisella,19,United Kingdom,GB,Music,3767960.0,2492.0,3189.0,1615.0,0.4,6.0,5.0,78.0,130.0,2015.0,Mar,24.0,60.0,66834405.0,3.85,55908316.0,55.378051,-3.435973,398.5283548148148,283164883.68421054,20.97517656920078
843,Awakening Music,13500000,5545936485.0,Music,Awakening Music,814,United Kingdom,GB,Music,1183.0,30.0,140.0,35309000.0,8800.0,141200.0,105900.0,1700000.0,100000.0,2006.0,Dec,25.0,60.0,66834405.0,3.85,55908316.0,55.378051,-3.435973,410.81011,6813189.785012285,0.5046807248157248
846,Woody & Kleiny,13500000,11717217293.0,Comedy,Woody & Kleiny,975,United Kingdom,GB,Entertainment,333.0,29.0,160.0,495561000.0,123900.0,2000000.0,1500000.0,23800000.0,400000.0,2013.0,Mar,30.0,60.0,66834405.0,3.85,55908316.0,55.378051,-3.435973,867.9420217037037,12017658.762051282,0.890196945337132
923,Talking Angela,12800000,3632438963.0,Entertainment,Talking Angela,233,United Kingdom,GB,Film,2184.0,31.0,45.0,27957000.0,7000.0,111800.0,83900.0,1300000.0,,2014.0,Sep,2.0,60.0,66834405.0,3.85,55908316.0,55.378051,-3.435973,283.784293984375,15589866.793991417,1.2179583432805794
944,Morgz,12600000,3303595310.0,Gaming,Morgz,825,United Kingdom,GB,Entertainment,2491.0,32.0,170.0,58838000.0,14700.0,235400.0,176500.0,2800000.0,100000.0,2014.0,Jun,10.0,60.0,66834405.0,3.85,55908316.0,55.378051,-3.435973,262.190103968254,4004357.9515151517,0.31780618662818666
948,Ellie Goulding,12600000,6969178081.0,Music,Ellie Goulding,218,United Kingdom,GB,Music,841.0,32.0,148.0,36681000.0,9200.0,146700.0,110000.0,1800000.0,,2007.0,Jan,29.0,60.0,66834405.0,3.85,55908316.0,55.378051,-3.435973,553.1093715079365,31968706.79357798,2.537198951871268
949,colinfurze,12500000,1612094871.0,Entertainment,colinfurze,385,United Kingdom,GB,Entertainment,6487.0,33.0,171.0,8482000.0,2100.0,33900.0,25400.0,407200.0,,2006.0,Nov,15.0,60.0,66834405.0,3.85,55908316.0,55.378051,-3.435973,128.96758968,4187259.405194805,0.3349807524155844
983,DisneyChannelUK,12400000,12607488647.0,Music,DisneyChannelUK,4422,United Kingdom,GB,Entertainment,306.0,34.0,172.0,34758000.0,8700.0,139000.0,104300.0,1700000.0,,2007.0,Dec,6.0,60.0,66834405.0,3.85,55908316.0,55.378051,-3.435973,1016.7329554032258,2851082.9142921753,0.22992604147517542
993,Panda,12300000,2214684303.0,,HybridPanda,2452,United Kingdom,GB,Games,129005.0,867.0,1202.0,67035.0,17.0,268.0,201.0,3200.0,1000.0,2006.0,Sep,11.0,60.0,66834405.0,3.85,55908316.0,55.378051,-3.435973,180.0556343902439,903215.4579934747,0.07343215105638005
